{
  "timestamp": "2025-06-17T21:16:39.955952",
  "model_architecture": {
    "type": "LSTM",
    "sequence_length": 24,
    "n_features": 4,
    "lstm_units": 50
  },
  "performance": {
    "loss": 0.028283147141337395,
    "accuracy": 0.9915013909339905,
    "precision": 1.0,
    "recall": 0.9629629850387573,
    "f1_score": 0.981132086930049,
    "confusion_matrix": [
      [
        272,
        0
      ],
      [
        3,
        78
      ]
    ],
    "predictions": [
      0,
      0,
      0,
      1,
      0,
      1,
      0,
      0,
      1,
      0,
      0,
      0,
      0,
      0,
      0,
      0,
      0,
      0,
      0,
      0,
      0,
      0,
      0,
      1,
      1,
      0,
      0,
      0,
      1,
      0,
      1,
      0,
      0,
      1,
      0,
      0,
      0,
      1,
      1,
      0,
      0,
      0,
      0,
      0,
      0,
      1,
      0,
      0,
      0,
      0,
      1,
      0,
      1,
      0,
      0,
      0,
      0,
      0,
      0,
      0,
      0,
      0,
      1,
      0,
      1,
      0,
      0,
      1,
      0,
      0,
      0,
      1,
      0,
      0,
      0,
      1,
      1,
      0,
      0,
      0,
      0,
      1,
      0,
      0,
      0,
      0,
      1,
      0,
      0,
      0,
      0,
      0,
      0,
      0,
      0,
      0,
      0,
      1,
      1,
      0,
      1,
      0,
      0,
      1,
      0,
      0,
      0,
      0,
      0,
      0,
      0,
      0,
      1,
      0,
      0,
      0,
      0,
      0,
      0,
      0,
      1,
      0,
      0,
      0,
      0,
      0,
      1,
      0,
      0,
      0,
      0,
      0,
      1,
      0,
      0,
      1,
      0,
      0,
      0,
      0,
      1,
      0,
      0,
      0,
      0,
      1,
      0,
      0,
      0,
      1,
      0,
      0,
      0,
      0,
      0,
      0,
      0,
      0,
      0,
      0,
      0,
      0,
      0,
      0,
      0,
      1,
      0,
      0,
      1,
      1,
      0,
      0,
      1,
      0,
      1,
      0,
      0,
      0,
      0,
      0,
      0,
      1,
      1,
      0,
      0,
      0,
      0,
      0,
      0,
      0,
      0,
      0,
      0,
      0,
      0,
      0,
      0,
      0,
      0,
      1,
      0,
      0,
      0,
      0,
      1,
      0,
      0,
      0,
      0,
      0,
      0,
      0,
      0,
      0,
      0,
      0,
      1,
      0,
      0,
      0,
      0,
      0,
      0,
      1,
      1,
      0,
      0,
      0,
      0,
      1,
      0,
      1,
      0,
      0,
      0,
      0,
      0,
      1,
      0,
      0,
      1,
      0,
      0,
      1,
      1,
      0,
      0,
      0,
      0,
      1,
      0,
      0,
      0,
      1,
      0,
      1,
      1,
      0,
      0,
      1,
      0,
      0,
      0,
      0,
      0,
      0,
      0,
      0,
      1,
      0,
      0,
      0,
      0,
      0,
      0,
      0,
      1,
      0,
      0,
      1,
      0,
      0,
      0,
      0,
      0,
      1,
      0,
      0,
      0,
      1,
      0,
      0,
      0,
      0,
      0,
      1,
      0,
      1,
      1,
      1,
      1,
      0,
      1,
      0,
      0,
      0,
      1,
      0,
      0,
      0,
      1,
      1,
      0,
      0,
      0,
      0,
      0,
      1,
      0,
      0,
      0,
      0,
      0,
      0,
      0,
      0,
      1,
      0,
      0,
      1,
      0,
      0,
      0,
      0,
      1,
      0,
      0,
      0,
      0,
      0,
      0,
      0,
      0,
      1,
      0,
      1,
      1,
      0,
      0,
      0,
      0,
      1,
      0
    ],
    "probabilities": [
      3.603999357437715e-05,
      3.2864063541637734e-05,
      1.5856528989388607e-05,
      0.9999192953109741,
      2.6333653295296244e-05,
      0.9689473509788513,
      8.136677206493914e-05,
      4.236007953295484e-05,
      0.9743270874023438,
      2.9194759918027557e-05,
      3.256090349168517e-05,
      4.6867735363775864e-06,
      4.103110040887259e-05,
      1.4313036444946192e-05,
      2.7283742383588105e-05,
      3.64111183444038e-05,
      1.575091118866112e-05,
      2.533308361307718e-05,
      2.7708607376553118e-05,
      7.1419972300645895e-06,
      5.6329223298234865e-05,
      3.500262391753495e-05,
      3.817046308540739e-05,
      0.9656434655189514,
      0.9901090264320374,
      3.518907760735601e-05,
      0.00019790264195762575,
      6.061289968783967e-05,
      0.9999993443489075,
      2.7948510251007974e-05,
      0.9546116590499878,
      6.997617219894892e-06,
      1.900704410218168e-05,
      0.9999995827674866,
      3.604036464821547e-05,
      1.84141917998204e-05,
      8.787482329353224e-06,
      0.5447126030921936,
      0.9935112595558167,
      3.402898073545657e-05,
      1.9167098798789084e-05,
      1.5017356417956762e-05,
      5.0427024689270183e-05,
      1.7722079064697027e-05,
      1.245090152224293e-05,
      0.9993833303451538,
      3.295608621556312e-05,
      6.742314326402266e-06,
      2.0792980649275705e-05,
      3.9095513784559444e-05,
      0.9999967217445374,
      4.225880547892302e-05,
      0.9999175667762756,
      0.0017762413481250405,
      4.1180726839229465e-05,
      1.6676449376973324e-05,
      5.834204421262257e-05,
      0.00014888095029164106,
      3.621328141889535e-05,
      4.1301824239781126e-05,
      3.3771964808693156e-05,
      2.592052987893112e-05,
      0.9611532092094421,
      5.722021887777373e-05,
      0.9999749660491943,
      2.900345680245664e-05,
      3.402894799364731e-05,
      0.9985411167144775,
      7.642945274710655e-05,
      1.2122412044845987e-05,
      2.6494541089050472e-05,
      0.9999876618385315,
      1.0715252756199334e-05,
      1.3094898349663708e-05,
      2.7706410037353635e-05,
      0.9975945353507996,
      0.9971256852149963,
      2.5714352887007408e-05,
      8.11945938039571e-06,
      4.0617109334561974e-05,
      2.377953023824375e-05,
      0.9994775056838989,
      5.718492320738733e-05,
      2.8676387955783866e-05,
      2.6504443667363375e-05,
      2.2178819563123398e-05,
      0.9128128290176392,
      4.270125646144152e-05,
      3.8675447285640985e-05,
      3.207026020390913e-05,
      0.005351720843464136,
      2.383826722507365e-05,
      2.8388729333528318e-05,
      4.078727579326369e-05,
      5.989952114759944e-06,
      3.905682751792483e-05,
      2.9969414754305035e-05,
      0.9448733329772949,
      0.9524747133255005,
      1.835379225667566e-05,
      0.9999901652336121,
      5.237679215497337e-05,
      3.4573669836390764e-05,
      0.9948685765266418,
      2.53970647463575e-05,
      0.0001609550672583282,
      3.540533725754358e-06,
      2.6335335860494524e-05,
      3.313457273179665e-05,
      2.801834671117831e-05,
      3.0101024094619788e-05,
      0.34059834480285645,
      0.9970673322677612,
      3.386781827430241e-05,
      2.395355113549158e-05,
      3.3929140045074746e-05,
      3.291239045211114e-05,
      5.641115421894938e-05,
      1.9590568626881577e-05,
      2.2665044525638223e-05,
      0.9999991059303284,
      2.0978211978217587e-05,
      2.7664507797453552e-05,
      3.208877024007961e-05,
      4.617531521944329e-05,
      2.6122896088054404e-05,
      0.9995467066764832,
      1.9099732526228763e-05,
      1.9579661966417916e-05,
      3.7803893064847216e-05,
      3.65025844075717e-05,
      2.368944296904374e-05,
      0.9999990463256836,
      2.9279997761477716e-05,
      1.7719292372930795e-05,
      0.9704903960227966,
      0.06448182463645935,
      5.769295239588246e-05,
      3.52423703589011e-05,
      2.7608448363025673e-05,
      0.9999865293502808,
      4.845040893997066e-05,
      3.21201587212272e-05,
      2.3593018340761773e-05,
      2.5412406102987006e-05,
      0.9382030963897705,
      1.6233632777584717e-05,
      0.0008180898730643094,
      3.608627957873978e-05,
      0.9978891611099243,
